stock_code,t_day1_date,t_open,t_close,t_high,t_low,t_volume,yahoo_day1_close,factor
02469,2023-01-09,10.5,11.1,12.1,10.26,11805000.0,11.100000381469728,1.0
02402,2023-01-12,60.0,60.0,60.5,58.45,1822100.0,42.85714340209961,1.4
02147,2023-01-13,0.74,0.56,0.77,0.56,196248000.0,11.199999809265137,0.05
02458,2023-01-16,5.0,5.75,6.15,5.0,3924790.0,5.75,1.0
02411,2023-01-16,6.52,6.0,7.12,6.0,19622590.0,6.0,1.0
02373,2023-01-16,30.5,29.65,32.9,28.05,15236000.0,29.649999618530273,1.0
02459,2023-01-17,1.68,1.78,1.96,1.67,57276500.0,14.890021324157717,0.1195
02455,2023-01-17,1.38,1.26,1.4,1.26,18696000.0,1.2599999904632568,1.0
02306,2023-01-19,5.6,6.03,6.48,5.3,52467100.0,6.03000020980835,1.0
02450,2023-01-20,1.21,1.06,1.27,1.06,47025000.0,1.059999942779541,1.0
02482,2023-03-09,2.81,2.84,2.9,2.7,13315000.0,2.8399999141693115,1.0
09636,2023-03-10,17.02,17.14,17.14,16.56,13967684.0,17.139999389648438,1.0
01405,2023-03-28,46.0,45.95,46.5,45.85,1662300.0,45.95000076293945,1.0
02409,2023-03-29,3.28,2.58,3.31,2.58,37156000.0,2.5799999237060547,1.0
02433,2023-03-30,2.92,2.67,3.09,2.4,47247000.0,2.6700000762939453,1.0
02439,2023-03-31,0.65,0.68,0.77,0.64,111442000.0,0.6800000071525574,1.0
02405,2023-03-31,0.76,0.84,0.88,0.61,74876000.0,0.8399999737739563,1.0
09669,2023-04-13,29.6,26.1,29.8,19.02,7265400.0,26.100000381469727,1.0
06979,2023-04-27,9.0,8.88,9.97,8.82,111155200.0,8.880000114440918,1.0
02415,2023-04-27,8.85,9.2,9.47,8.6,6280550.0,9.199999809265137,1.0
02480,2023-05-08,31.5,22.0,31.6,22.0,2796200.0,22.0,1.0
02442,2023-05-09,0.87,0.98,1.06,0.84,48022000.0,0.9800000190734864,1.0
02486,2023-05-11,10.4,7.99,10.4,6.8,7290800.0,7.989999771118164,1.0
02416,2023-05-25,9.46,9.88,9.98,9.16,1171000.0,9.880000114440918,1.0
09930,2023-05-25,3.26,3.21,3.74,3.13,3544610.0,3.2100000381469727,1.0
02487,2023-06-12,21.8,21.95,22.05,19.0,1319600.0,21.950000762939453,1.0
09885,2023-06-28,23.05,21.1,23.3,20.55,3722800.0,21.100000381469727,1.0
02105,2023-06-29,12.44,15.0,15.4,12.42,2822000.0,15.0,1.0
09860,2023-06-30,12.32,13.8,13.8,12.02,3373000.0,13.800000190734863,1.0
02481,2023-07-10,3.6,3.6,3.62,3.32,10561000.0,3.5999999046325684,1.0
06990,2023-07-11,60.6,62.5,64.5,60.6,2002300.0,62.5,1.0
03650,2023-07-12,30.3,29.0,32.0,28.55,1890200.0,29.0,1.0
06683,2023-07-13,5.75,5.26,6.3,5.2,22968700.0,5.260000228881836,1.0
01284,2023-07-17,0.92,0.92,0.92,0.92,0.0,0.9300000071525574,0.9892
02271,2023-07-18,1.22,1.21,1.22,1.12,38124000.0,1.2100000381469729,1.0
01541,2023-09-05,21.2,19.52,22.0,19.3,894500.0,19.520000457763672,1.0
02490,2023-09-25,5.13,5.1,5.13,4.88,2709000.0,2.4700000286102295,2.0648
02496,2023-09-25,16.4,16.0,16.8,16.0,1519600.0,19.440000534057617,0.823
09690,2023-09-26,28.0,29.5,29.8,28.0,3787600.0,29.5,1.0
09890,2023-09-28,13.78,14.0,14.5,13.48,5412400.0,14.0,1.0
09686,2023-09-28,3.69,2.72,3.7,2.72,6301000.0,2.7200000286102295,1.0
06682,2023-09-28,63.1,58.5,65.0,56.45,1745800.0,58.5,1.0
01973,2023-10-06,5.39,4.88,5.52,4.49,2049600.0,4.880000114440918,1.0
02501,2023-10-11,1.23,1.63,1.69,1.09,51522000.0,1.6299999952316284,1.0
02451,2023-10-12,7.34,7.44,8.05,7.21,9701000.0,7.440000057220459,1.0
09676,2023-10-12,16.6,18.84,19.94,16.6,1915800.0,18.84000015258789,1.0
01519,2023-10-27,12.0,12.0,12.2,11.8,21003699.0,12.0,1.0
02517,2023-11-02,5.98,5.98,6.22,5.98,4432800.0,5.980000019073486,1.0
02429,2023-11-03,12.5,14.58,14.98,12.32,4700500.0,14.579999923706056,1.0
02473,2023-11-09,2.18,1.64,3.96,1.42,50720000.0,0.5466660261154175,3.0
01111,2023-11-10,1.65,1.62,1.79,1.4,43200000.0,1.6200000047683716,1.0
02499,2023-11-10,15.48,14.76,15.48,14.3,1370000.0,14.760000228881836,1.0
02268,2023-11-17,26.95,28.0,29.25,26.8,63769819.0,28.0,1.0
02520,2023-11-22,2.18,2.18,2.25,2.18,12720000.0,2.180000066757202,1.0
02483,2023-12-05,1.61,1.79,1.8,1.61,35682000.0,1.7899999618530271,1.0
02521,2023-12-05,0.3,0.33,0.36,0.285,198562500.0,0.3300000131130218,1.0
09663,2023-12-05,16.5,19.8,19.88,14.4,28234500.0,19.799999237060547,1.0
02419,2023-12-06,36.95,37.5,38.0,36.95,1029500.0,37.5,1.0
01497,2023-12-12,10.5,9.7,10.7,9.62,11365600.0,9.699999809265137,1.0
00666,2023-12-18,18.6,18.78,19.66,18.56,1663600.0,18.780000686645508,1.0
01274,2023-12-20,29.55,25.85,30.6,25.85,1743300.0,25.850000381469727,1.0
02502,2023-12-20,1.06,0.87,1.09,0.87,46140000.0,0.8700000047683716,1.0
02516,2023-12-22,1.3,1.0,1.32,0.91,37100000.0,1.0,1.0
02511,2023-12-22,11.92,12.38,12.68,11.92,5106500.0,12.380000114440918,1.0
02489,2023-12-22,0.51,0.56,0.58,0.51,111510000.0,0.5600000023841858,1.0
06911,2023-12-22,10.7,8.7,11.94,8.7,2073200.0,8.699999809265137,1.0
02149,2023-12-28,25.05,22.7,27.25,21.9,1734000.0,22.700000762939453,1.0
09880,2023-12-29,89.9,90.85,93.45,88.25,1657500.0,90.8499984741211,1.0
02498,2024-01-05,43.0,43.0,43.1,41.5,944300.0,43.0,1.0
02503,2024-01-09,0.81,0.72,0.84,0.7,32216000.0,0.7200000286102295,1.0
02453,2024-01-09,9.8,11.08,12.02,9.7,3770200.0,11.079999923706056,1.0
06959,2024-01-09,6.1,6.91,7.21,6.05,4309500.0,6.909999847412109,1.0
02477,2024-01-12,1.77,2.64,2.69,1.7,27933800.0,0.3300000131130218,8.0
02540,2024-03-08,0.9,1.5,1.6,0.9,65740000.0,1.5,1.0
02535,2024-03-08,0.65,0.59,0.73,0.48,96680000.0,0.5899999737739563,1.0
02509,2024-03-20,27.4,24.5,28.2,24.5,2308200.0,24.5,1.0
09879,2024-03-21,4.38,4.09,4.58,4.08,34513000.0,4.090000152587891,1.0
02536,2024-03-26,2.75,3.0,3.32,2.73,50437218.0,3.0,1.0
02497,2024-03-28,2.13,1.48,2.4,1.41,37768000.0,1.4800000190734863,1.0
02598,2024-03-28,9.8,9.44,9.91,9.28,15429700.0,9.4399995803833,1.0
02555,2024-04-23,15.74,12.8,15.74,10.8,16394628.0,12.800000190734863,1.0
02515,2024-04-23,1.88,1.52,2.18,1.52,56518000.0,1.5199999809265137,1.0
02438,2024-04-24,2.98,3.68,3.76,2.98,61942500.0,3.680000066757202,1.0
02556,2024-05-16,45.0,51.65,56.0,45.0,799500.0,51.650001525878906,1.0
02529,2024-05-17,3.46,3.21,3.65,3.1,11580000.0,3.2100000381469727,1.0
02898,2024-05-24,14.46,14.52,15.42,14.1,2768400.0,14.520000457763672,1.0
00917,2024-05-27,33.0,35.0,35.0,27.0,2521400.0,86.5999984741211,0.4042
02505,2024-05-28,3.09,4.2,4.41,2.83,33638192.0,4.199999809265137,1.0
02443,2024-05-31,14.5,12.94,16.92,12.6,7705800.0,12.9399995803833,1.0
02550,2024-06-07,8.5,11.12,11.6,8.5,5560500.0,11.119999885559082,1.0
02522,2024-06-07,15.0,15.0,16.96,14.08,12268300.0,15.0,1.0
02228,2024-06-13,5.39,5.8,6.58,5.31,85480400.0,5.800000190734863,1.0
02512,2024-06-14,4.37,3.8,4.65,3.66,29280598.0,3.799999952316284,1.0
02881,2024-06-18,9.88,7.02,10.3,6.8,9508500.0,7.019999980926514,1.0
02559,2024-06-28,5.23,4.65,5.9,4.65,26229000.0,4.650000095367432,1.0
06181,2024-06-28,64.5,70.0,75.6,60.95,17850500.0,70.0,1.0
02479,2024-06-28,113.0,60.15,117.2,60.1,1620450.0,60.150001525878906,1.0
01354,2024-07-03,7.65,6.64,7.65,6.1,3344700.0,6.639999866485596,1.0
02545,2024-07-03,0.76,0.67,0.83,0.65,131536000.0,0.6700000166893005,1.0
06657,2024-07-09,32.0,38.9,39.7,28.0,1036900.0,38.900001525878906,1.0
06086,2024-07-09,4.68,4.53,4.95,4.3,9892000.0,4.53000020980835,1.0
02495,2024-07-10,135.0,135.0,139.9,121.0,237000.0,135.0,1.0
01334,2024-07-10,1.3,1.2,1.55,1.16,39965000.0,1.2000000476837158,1.0
09680,2024-07-10,30.0,33.9,35.2,30.0,2374300.0,33.900001525878906,1.0
02507,2024-07-12,27.5,27.5,27.5,26.05,6391409.0,27.5,1.0
02531,2024-07-15,5.48,4.8,5.6,4.72,4884000.0,4.800000190734863,1.0
01471,2024-08-06,6.88,7.35,7.6,6.04,3237000.0,7.349999904632568,1.0
02533,2024-08-08,18.8,20.45,22.8,18.28,3326300.0,20.450000762939453,1.0
02410,2024-08-20,14.48,13.7,15.96,12.86,3187500.0,13.699999809265137,1.0
00300,2024-09-17,59.2,59.1,60.0,58.0,65113949.0,93.3000030517578,0.6334
02549,2024-10-02,9.5,9.15,10.88,6.68,111774000.0,9.149999618530272,1.0
02576,2024-10-08,11.24,9.2,11.68,9.2,16319616.0,9.199999809265137,1.0
09639,2024-10-09,0.5,0.62,0.68,0.5,179715000.0,0.6200000047683716,1.0
02567,2024-10-16,1.6,1.19,1.68,1.14,121377000.0,1.190000057220459,1.0
02460,2024-10-23,16.46,16.68,16.78,15.72,160092634.0,16.68000030517578,1.0
09660,2024-10-24,5.12,4.1,5.5,4.1,493170606.0,4.099999904632568,1.0
02465,2024-10-30,5.08,4.75,5.46,4.2,42487000.0,4.75,1.0
02563,2024-10-31,21.5,20.8,25.95,19.48,3185800.0,20.799999237060547,1.0
02510,2024-11-01,4.18,4.1,4.25,3.91,44695000.0,4.099999904632568,1.0
02551,2024-11-08,4.2,5.33,5.56,4.2,75504380.0,5.329999923706055,1.0
02519,2024-11-08,13.88,13.82,14.96,12.5,12609200.0,13.81999969482422,1.0
02582,2024-11-15,82.3,78.0,82.45,77.55,758200.0,78.0,1.0
06936,2024-11-27,34.3,34.3,35.5,34.3,51647347.0,34.29999923706055,1.0
02566,2024-11-28,7.5,7.65,9.1,7.5,28954400.0,7.650000095367432,1.0
02585,2024-11-29,12.5,12.9,13.2,11.2,12461400.0,12.899999618530272,1.0
02586,2024-12-06,21.7,13.8,21.75,13.8,3667840.0,13.800000190734863,1.0
02570,2024-12-06,148.9,147.1,149.9,145.1,469700.0,147.10000610351562,1.0
01318,2024-12-10,47.65,52.6,57.2,47.65,83646270.0,52.599998474121094,1.0
02593,2024-12-19,4.69,4.14,5.05,3.88,58056200.0,4.139999866485596,1.0
00999,2024-12-20,9.0,9.66,9.7,8.5,7799608.0,9.050000190734863,1.0674
02432,2024-12-23,19.7,18.94,21.4,18.78,3105000.0,18.940000534057617,1.0
02431,2024-12-27,18.6,19.4,19.4,17.64,5996500.0,19.399999618530273,1.0
02506,2024-12-30,89.75,87.0,95.15,86.0,520446.0,87.0,1.0
02577,2024-12-30,31.0,31.0,34.0,30.55,2952480.0,31.0,1.0
02587,2024-12-30,9.95,10.66,10.7,9.4,3281100.0,10.65999984741211,1.0
06681,2025-01-08,3.22,3.33,3.49,3.13,18896100.0,3.3299999237060547,1.0
02560,2025-01-09,1.8,1.57,1.93,1.57,49011000.0,1.5700000524520874,1.0
02613,2025-01-09,33.95,33.8,34.95,33.15,2054100.0,33.79999923706055,1.0
00325,2025-01-10,109.6,85.0,109.9,84.9,26806252.0,85.0,1.0
02530,2025-01-10,0.79,0.69,0.79,0.58,123024000.0,0.6899999976158142,1.0
00805,2025-01-13,0.98,0.98,1.23,0.9,8738000.0,0.9800000190734864,1.0
02596,2025-01-13,2.59,2.61,2.69,2.59,25689500.0,2.609999895095825,1.0
02571,2025-01-15,13.3,13.18,14.66,13.02,7720400.0,13.18000030517578,1.0
01364,2025-02-12,10.0,9.3,10.4,8.93,134002435.0,9.300000190734863,1.0
02097,2025-03-03,262.0,290.0,298.0,256.0,16058876.0,290.0,1.0
06693,2025-03-10,13.72,13.72,13.92,13.54,50199919.0,13.720000267028809,1.0
02561,2025-03-21,68.8,68.8,69.15,64.8,3408600.0,68.80000305175781,1.0
02610,2025-03-25,26.6,25.25,26.9,25.25,12882800.0,25.25,1.0
02569,2025-03-27,0.49,0.67,0.82,0.485,272546000.0,0.6700000166893005,1.0
02625,2025-03-31,3.44,2.5,3.65,2.39,27790000.0,2.5,1.0
03677,2025-04-14,8.46,8.39,8.46,8.33,3230400.0,8.390000343322754,1.0
09606,2025-04-15,181.0,205.0,222.0,181.0,10825216.0,205.0,1.0
01333,2025-05-07,29.0,24.9,32.5,23.5,8331032.0,24.899999618530273,1.0
02865,2025-05-08,22.2,26.6,27.5,22.1,6655000.0,26.600000381469727,1.0
02589,2025-05-08,190.6,158.4,197.6,152.0,3268382.0,158.39999389648438,1.0
06831,2025-05-16,7.19,6.29,7.2,6.29,88802599.0,6.289999961853027,1.0
03750,2025-05-20,296.0,306.2,311.4,291.0,27692287.0,306.20001220703125,1.0
02629,2025-05-23,29.0,30.0,31.95,29.0,9178741.0,30.0,1.0
01276,2025-05-23,57.0,55.15,60.5,55.15,82663811.0,55.150001525878906,1.0
02565,2025-05-27,13.0,11.56,13.5,11.22,11264800.0,11.5600004196167,1.0
02603,2025-05-27,11.0,10.68,12.46,10.2,56699500.0,10.68000030517578,1.0
02621,2025-05-30,7.5,6.61,7.5,6.61,21324400.0,6.610000133514404,1.0
02573,2025-06-10,30.25,22.95,30.25,22.1,5221299.0,22.950000762939453,1.0
02605,2025-06-10,7.6,6.8,8.31,6.8,24046400.0,6.800000190734863,1.0
09881,2025-06-10,16.6,14.2,17.56,13.12,8501920.0,14.199999809265137,1.0
03288,2025-06-19,37.5,36.5,38.0,36.05,77248982.0,36.5,1.0
02609,2025-06-23,5.25,6.0,6.02,5.01,21787308.0,6.0,1.0
02617,2025-06-23,21.65,23.5,24.0,20.2,8541000.0,23.5,1.0
02050,2025-06-23,20.95,22.5,22.55,20.7,125316817.0,22.5,1.0
02643,2025-06-25,33.8,36.0,36.8,32.85,13537900.0,36.0,1.0
02619,2025-06-25,2.65,2.52,2.74,2.51,30003000.0,1.75,1.44
06883,2025-06-26,2.58,2.4,2.79,2.25,173642999.0,2.4000000953674316,1.0
02508,2025-06-26,8.45,8.8,11.0,8.45,94418160.0,8.800000190734863,1.0
06168,2025-06-26,26.7,30.0,30.0,26.7,35215592.0,30.0,1.0
09678,2025-06-30,205.0,296.4,319.8,198.0,803070.0,296.3999938964844,1.0
03880,2025-06-30,30.3,30.8,32.85,28.1,8593800.0,30.799999237060547,1.0
06603,2025-06-30,43.9,39.5,46.5,38.0,38912781.0,39.5,1.0
02592,2025-07-03,9.5,6.2,9.74,5.6,43953150.0,6.199999809265137,1.0
02648,2025-07-04,60.0,57.0,60.1,57.0,12353900.0,57.0,1.0
01828,2025-07-07,38.0,38.4,38.8,37.05,20850975.0,38.400001525878906,1.0
02590,2025-07-09,16.9,17.7,17.8,16.06,78383518.0,17.700000762939453,1.0
02597,2025-07-09,14.52,13.58,14.52,12.2,2227000.0,13.579999923706056,1.0
01304,2025-07-09,130.8,139.8,143.8,128.0,9036736.0,139.8000030517578,1.0
06613,2025-07-09,18.88,19.84,19.98,18.54,140581771.0,19.84000015258789,1.0
02651,2025-07-09,24.0,20.7,27.5,20.65,3962300.0,20.700000762939453,1.0
09887,2025-07-25,72.4,67.1,79.6,67.1,33118341.0,67.0999984741211,1.0
02627,2025-08-11,33.0,33.28,34.8,33.0,8992780.0,33.279998779296875,1.0
02591,2025-08-15,72.0,57.25,74.0,49.5,16217295.0,57.25,1.0
02631,2025-08-20,45.6,45.54,48.2,45.0,25939101.0,45.540000915527344,1.0
06960,2025-08-26,22.5,19.05,23.18,18.86,43416220.0,19.049999237060547,1.0
03858,2025-08-28,22.8,30.34,31.9,22.8,54161805.0,30.34000015258789,1.0
02580,2025-09-02,16.1,16.48,16.79,15.68,52410200.0,16.479999542236328,1.0
02543,2025-09-09,67.5,56.9,69.0,56.4,8237500.0,56.900001525878906,1.0
02525,2025-09-16,229.2,234.0,244.0,229.2,5655182.0,234.0,1.0
02656,2025-09-17,29.98,28.22,32.6,26.02,7081940.0,28.219999313354492,1.0
02595,2025-09-19,44.0,42.1,50.2,42.0,34913498.0,42.099998474121094,1.0
06090,2025-09-23,100.4,102.5,105.8,88.1,3760300.0,102.5,1.0
09973,2025-09-25,34.2,31.92,34.98,31.72,78268545.0,31.920000076293945,1.0
02889,2025-09-30,135.0,157.0,157.0,130.1,1642440.0,157.0,1.0
02583,2025-09-30,84.0,106.0,130.0,80.0,2822800.0,106.0,1.0
02259,2025-09-30,111.5,120.6,123.0,111.0,97866268.0,120.5999984741211,1.0
02652,2025-10-08,47.0,38.5,48.8,37.46,13550698.0,38.5,1.0
02650,2025-10-10,190.0,195.5,197.0,171.2,1558550.0,39.099998474121094,5.0
02575,2025-10-15,29.46,26.3,31.0,26.3,14744267.0,26.299999237060547,1.0
02670,2025-10-16,142.8,120.5,142.8,120.1,3230450.0,120.5,1.0
02637,2025-10-20,102.0,104.2,117.8,100.0,2398750.0,130.39999389648438,0.7991
06687,2025-10-21,38.0,37.9,40.58,35.1,37490701.0,37.900001525878906,1.0
00638,2025-10-22,21.5,18.98,21.6,18.89,31770800.0,,
06980,2025-10-28,80.1,93.35,97.9,80.0,4215100.0,93.3499984741211,1.0
06166,2025-10-28,94.0,92.2,109.0,90.2,28849222.0,92.1999969482422,1.0
01384,2025-10-28,56.5,66.8,68.4,52.1,11698160.0,66.80000305175781,1.0
06031,2025-10-28,21.3,21.9,22.3,21.3,138330321.0,21.899999618530273,1.0
02718,2025-11-03,280.0,290.6,309.8,272.0,2156929.0,290.6000061035156,1.0
09927,2025-11-05,128.9,131.5,131.5,118.0,18589510.0,131.5,1.0
02630,2025-11-06,95.0,82.0,97.0,81.75,5534414.0,82.0,1.0
00800,2025-11-06,24.98,24.4,24.98,23.0,16900938.0,24.399999618530273,1.0
00699,2025-11-06,21.5,20.24,21.5,19.85,34771600.0,,
02026,2025-11-06,124.0,126.1,126.1,118.8,8679020.0,126.0999984741211,1.0
02698,2025-11-10,34.98,33.0,36.8,33.0,42610340.0,33.0,1.0
02579,2025-11-17,34.0,33.96,34.0,32.0,17061800.0,33.959999084472656,1.0
02788,2025-11-24,15.2,14.59,15.8,14.18,170339680.0,14.59000015258789,1.0
02685,2025-11-27,26.0,18.5,27.8,18.3,4893100.0,18.5,1.0
09609,2025-11-28,13.5,11.0,13.5,11.0,16128800.0,11.0,1.0
02693,2025-12-03,9.3,7.46,9.8,7.25,11290500.0,7.460000038146973,1.0
02539,2025-12-03,64.8,54.5,78.65,49.3,2556200.0,54.5,1.0
02408,2025-12-05,5.0,5.08,5.5,4.98,36041420.0,5.079999923706055,1.0
02658,2025-12-05,38.0,40.5,47.84,38.0,3726088.0,40.5,1.0
02676,2025-12-08,116.0,111.0,116.0,105.2,2014583.0,111.0,1.0
02687,2025-12-08,83.6,126.4,142.5,82.0,1510300.0,126.4000015258789,1.0
02659,2025-12-10,60.5,63.0,63.15,56.0,7930300.0,63.0,1.0
07618,2025-12-11,13.0,14.1,14.15,12.66,39585468.0,14.100000381469728,1.0
02655,2025-12-16,38.0,43.8,49.3,37.84,8732200.0,43.79999923706055,1.0
03887,2025-12-17,6.7,6.67,7.12,6.12,98920830.0,6.670000076293945,1.0
03881,2025-12-19,263.0,227.0,263.0,218.0,811640.0,22.700000762939453,10.0
02546,2025-12-19,10.8,8.6,10.92,8.0,30390200.0,8.600000381469727,1.0
02695,2025-12-22,3.26,2.33,3.4,2.33,42683000.0,2.3299999237060547,1.0
02691,2025-12-22,9.13,9.1,10.4,8.7,7945500.0,6.275862216949463,1.45
02396,2025-12-22,33.8,27.0,37.2,27.0,4989600.0,27.0,1.0
02581,2025-12-22,6.5,4.72,6.5,4.72,7845000.0,4.71999979019165,1.0
03378,2025-12-23,28.9,17.2,29.48,17.2,9903100.0,17.200000762939453,1.0
02635,2025-12-23,319.8,371.0,371.0,310.0,868750.0,37.099998474121094,10.0
02661,2025-12-23,50.0,58.7,59.8,49.0,6239600.0,58.70000076293945,1.0
03317,2025-12-30,48.02,48.5,48.84,38.02,4380600.0,48.5,1.0
06651,2025-12-30,35.0,39.62,39.8,35.0,5321300.0,39.619998931884766,1.0
03696,2025-12-30,35.0,29.98,35.7,29.98,37735345.0,29.979999542236328,1.0
06600,2025-12-30,73.8,73.85,75.0,73.8,4724850.0,73.8499984741211,1.0
02657,2025-12-30,85.0,85.0,91.65,85.0,5242564.0,85.0,1.0
02671,2025-12-30,8.21,7.64,12.0,7.4,13859700.0,7.639999866485596,1.0
06082,2026-01-02,35.7,34.46,42.88,33.5,150709945.0,34.459999084472656,1.0
02513,2026-01-08,120.0,131.5,135.0,116.1,17518159.0,131.5,1.0
09903,2026-01-08,190.2,156.8,192.0,148.9,8228204.0,156.8000030517578,1.0
02675,2026-01-08,59.0,56.6,60.0,48.0,12673990.0,56.599998474121094,1.0
00100,2026-01-09,235.4,345.0,351.8,220.0,15921864.0,345.0,1.0
06938,2026-01-09,75.0,82.1,87.0,65.9,14151773.0,82.0999984741211,1.0
03636,2026-01-09,38.0,37.8,39.12,36.1,12900893.0,37.79999923706055,1.0
00501,2026-01-12,108.0,121.8,121.8,108.0,7260177.0,,
03986,2026-01-13,235.0,222.8,248.8,220.0,10433965.0,222.8000030517578,1.0
01641,2026-01-13,19.58,12.3,19.7,12.0,13868000.0,12.300000190734863,1.0
09611,2026-01-22,35.0,32.1,36.86,31.22,24635488.0,32.099998474121094,1.0
01768,2026-01-28,445.0,400.0,445.0,399.2,7881401.0,400.0,1.0
09980,2026-02-03,248.0,251.8,251.8,245.6,5536841.0,193.6923065185547,1.3
02768,2026-02-04,45.0,40.16,50.8,39.8,25417400.0,27.13513565063477,1.48
02677,2026-02-06,81.0,67.9,90.85,65.15,2417400.0,67.9000015258789,1.0
02714,2026-02-06,39.0,40.52,41.72,38.98,40589241.0,40.52000045776367,1.0
03200,2026-02-06,106.0,110.0,116.0,105.1,13100659.0,110.0,1.0
06809,2026-02-09,168.0,175.0,176.0,156.0,21167253.0,175.0,1.0
00600,2026-02-10,28.2,28.2,29.18,28.2,22587400.0,28.200000762939453,1.0
02720,2026-02-10,24.02,24.78,29.4,21.5,6228020.0,24.780000686645508,1.0
00470,2026-02-11,46.26,45.8,46.54,45.04,26371151.0,45.79999923706055,1.0
02706,2026-02-13,82.3,92.6,99.6,82.3,9807072.0,92.5999984741211,1.0
09981,2026-02-13,20.1,20.68,21.8,20.1,31940320.0,20.68000030517578,1.0
02649,2026-03-09,7.5,6.2,7.9,6.0,18761400.0,6.199999809265137,1.0
02715,2026-03-09,15.36,12.9,15.36,12.5,20582460.0,12.899999618530272,1.0
02692,2026-03-09,78.0,73.0,79.8,71.6,5117000.0,73.0,1.0
03268,2026-03-10,29.04,29.3,30.66,28.42,9834700.0,29.299999237060547,1.0
01989,2026-03-20,95.05,96.0,147.9,95.0,26811648.0,96.0,1.0
02701,2026-03-23,14.3,11.25,16.5,10.9,58692800.0,11.25,1.0
03355,2026-03-23,56.0,47.2,57.0,43.3,13032960.0,47.20000076293945,1.0
02729,2026-03-24,32.0,30.7,34.98,29.0,11298600.0,30.700000762939453,1.0
02632,2026-03-24,43.9,27.88,45.8,27.7,5219350.0,27.8799991607666,1.0
01021,2026-03-30,16.8,18.4,21.52,16.5,44789300.0,18.399999618530273,1.0
02526,2026-03-30,219.0,209.6,226.0,191.0,2240320.0,209.6000061035156,1.0
02726,2026-03-30,110.0,103.0,116.0,92.3,2471710.0,103.0,1.0
06636,2026-03-30,59.95,100.0,100.0,56.0,8025925.0,100.0,1.0
00664,2026-03-31,35.42,30.5,42.0,30.26,2897000.0,30.5,1.0
03625,2026-03-31,85.05,80.0,87.0,78.0,4894400.0,80.0,1.0
06656,2026-04-16,581.0,659.5,669.0,560.5,7713823.0,659.5,1.0
03277,2026-04-17,72.0,70.0,85.0,66.65,28022939.0,70.0,1.0
00068,2026-04-17,20.7,18.6,21.86,16.5,134488211.0,18.600000381469727,1.0
02476,2026-04-21,330.0,315.0,336.2,302.0,33822392.0,315.0,1.0
03296,2026-04-23,87.55,88.0,90.95,85.0,24599398.0,62.85714340209961,1.4
01879,2026-04-28,880.0,886.0,996.0,807.0,9260310.0,886.0,1.0
02493,2026-04-28,28.3,27.8,29.9,26.44,15006462.0,26.020000457763672,1.0684
06810,2026-04-29,97.5,84.8,99.8,80.65,11753398.0,84.80000305175781,1.0
01609,2026-05-05,288.0,215.0,299.0,202.0,3241729.0,215.0,1.0
01187,2026-05-06,39.84,38.9,41.0,35.5,11185498.0,38.900001525878906,1.0
01236,2026-05-11,53.5,60.0,66.0,50.3,14659225.0,60.0,1.0
07630,2026-05-13,35.5,41.86,45.8,33.1,15134972.0,41.86000061035156,1.0
07666,2026-05-13,28.68,23.8,29.98,22.5,84545162.0,23.799999237060547,1.0
06871,2026-05-18,54.65,53.75,59.65,52.0,12671555.0,53.75,1.0
01511,2026-05-20,56.0,57.5,61.5,50.0,6291050.0,57.5,1.0
07688,2026-05-20,37.0,47.5,48.4,33.8,40537134.0,47.5,1.0
06872,2026-05-22,150.0,211.0,222.2,145.0,2458654.0,211.0,1.0
00901,2026-05-27,65.8,61.2,71.05,57.3,4980964.0,61.20000076293945,1.0
02723,2026-05-27,155.0,203.0,230.0,155.0,3460200.0,203.0,1.0
03310,2026-05-27,25.48,39.9,39.9,25.4,16812743.0,39.900001525878906,1.0
03388,2026-05-29,33.88,22.8,34.0,20.88,36474808.0,22.799999237060547,1.0
02553,2026-06-03,28.0,21.06,29.98,18.02,37023483.0,21.059999465942383,1.0
01779,2026-06-05,144.3,131.8,158.0,126.4,4011200.0,131.8000030517578,1.0
02290,2026-06-05,4.32,2.81,4.6,2.8,85471206.0,2.809999942779541,1.0
01081,2026-06-05,66.4,66.4,66.45,59.05,17946800.0,66.4000015258789,1.0
06658,2026-06-15,95.0,128.0,130.1,91.0,4304020.0,128.0,1.0
06675,2026-06-17,31.6,41.7,41.9,31.58,16473920.0,41.70000076293945,1.0
01392,2026-06-22,29.0,26.7,30.0,25.0,27583246.0,26.700000762939453,1.0
06067,2026-06-23,12.43,11.0,13.41,11.0,66432145.0,11.0,1.0
06132,2026-06-23,81.8,35.26,82.0,35.26,8250640.0,35.2599983215332,1.0
02335,2026-06-24,34.02,36.9,37.1,32.2,11330500.0,36.900001525878906,1.0
06106,2026-06-24,101.6,106.0,140.5,101.6,6299740.0,106.0,1.0
02272,2026-06-26,110.1,120.2,122.8,110.1,2027040.0,120.1999969482422,1.0
06228,2026-06-26,26.6,24.86,26.8,23.92,24440190.0,24.86000061035156,1.0
03661,2026-06-26,105.1,125.3,133.0,102.7,19937780.0,125.3000030517578,1.0
01688,2026-06-26,10.8,9.71,11.8,9.44,192052421.0,9.710000038146973,1.0
01956,2026-06-26,110.0,111.7,125.0,105.0,6313076.0,111.6999969482422,1.0
09630,2026-06-26,439.0,515.0,525.5,410.2,5849888.0,515.0,1.0
09637,2026-06-29,42.0,46.0,46.0,40.5,12782400.0,46.0,1.0
01191,2026-06-29,199.9,165.0,213.0,150.0,5151277.0,165.0,1.0
02672,2026-06-29,61.1,73.0,73.6,60.1,6080000.0,73.0,1.0
06915,2026-06-30,7.4,9.78,10.75,7.3,29954500.0,9.779999732971191,1.0
03952,2026-06-30,88.2,73.0,98.6,73.0,10394900.0,73.0,1.0
02697,2026-06-30,327.2,400.0,424.8,326.4,911040.0,400.0,1.0
06715,2026-06-30,103.0,114.0,120.2,101.0,4944600.0,114.0,1.0
